query,source,intent,funnel_stage,local_modifier,urgency,head_or_long_tail,commercial_value,cv_dollar_tier,gsc_imps,gsc_position,gtrends_signal,serp_features,topical_relevance,voice_variant,speakable_eligible,aio_cited_domains,target_page_slug,priority,notes,gkp_volume,gkp_cpc_high,dfs_kd
d&d land works,search_suggestion,navigational,decision,n,browse,head,high,cv_tier_1,,,stable,none,8,no,no,,/,P0,Brand term; zero volume today but must be owned once GBP/site exist,,,
ddlandworks,search_suggestion,navigational,decision,n,browse,head,high,cv_tier_1,,,stable,none,8,no,no,,/,P0,Brand/domain variant,,,
d&d land works eugene oregon,search_suggestion,navigational,decision,y,browse,mid,high,cv_tier_1,,,stable,none,9,no,no,,/,P0,Brand + geo once known,,,
excavation contractor eugene or,serp,commercial,decision,y,scheduled,head,high,cv_tier_2,,,seasonal_peak_May-Oct,local_pack,10,no,no,,/,P0,Primary homepage target keyword; Braun Excavating ranks organic #1; local pack = Oregon Excavating/West Excavation/Pacific Excavation (live SERP 2026-09-21),,,
excavation contractor eugene oregon,serp,commercial,decision,y,scheduled,head,high,cv_tier_2,,,seasonal_peak_May-Oct,local_pack,10,no,no,,/,P0,Full state-name variant; same SERP as above,,,
excavation contractor lane county or,serp,commercial,decision,y,scheduled,head,high,cv_tier_2,,,seasonal_peak_May-Oct,local_pack,10,no,no,,/,P0,County-wide homepage target,,,
excavation contractor lane county oregon,serp,commercial,decision,y,scheduled,head,high,cv_tier_2,,,seasonal_peak_May-Oct,local_pack,10,no,no,,/,P0,County-wide variant,,,
excavation company eugene oregon,serp,commercial,decision,y,scheduled,head,high,cv_tier_2,,,seasonal_peak_May-Oct,local_pack,10,no,no,,/,P0,"Company" variant of head term,,,
excavating contractor eugene or,serp,commercial,decision,y,scheduled,head,high,cv_tier_2,,,seasonal_peak_May-Oct,local_pack,10,no,no,,/,P0,Gerund variant,,,
local excavation contractor oregon,serp,commercial,consideration,y,scheduled,mid,med,cv_tier_2,,,seasonal_peak_May-Oct,not_checked,9,no,no,,/,P1,Modifier: local,,,
excavation contractor near me,autocomplete,commercial,decision,n,scheduled,head,high,cv_tier_2,,,seasonal_peak_Mar-Jun,local_pack,10,yes,no,,/,P0,320/mo Oregon (confirmed DFS); $9.04 avg CPC; $15 high top bid; KD 0; LOW competition CI 16,320,15,0
excavator near me,autocomplete,commercial,decision,n,scheduled,head,high,cv_tier_3,,,seasonal_peak_Mar-Jun,local_pack,8,yes,no,,/,P1,Shorthand for excavation contractor,,,
excavating company near me,autocomplete,commercial,decision,n,scheduled,head,med,cv_tier_2,,,seasonal_peak_Mar-Jun,local_pack,9,yes,no,,/,P1,Variant,,,
best excavation contractor eugene or,autocomplete,commercial,decision,y,scheduled,mid,high,cv_tier_2,,,seasonal_peak_May-Oct,local_pack,10,no,no,,/,P0,"best" prefix mining; confirmed related search 2026-09-21,,,
best excavation company lane county,autocomplete,commercial,decision,y,scheduled,mid,high,cv_tier_2,,,seasonal_peak_May-Oct,not_checked,10,no,no,,/,P1,"best" prefix mining,,,
best excavating contractor springfield oregon,autocomplete,commercial,decision,y,scheduled,mid,med,cv_tier_2,,,seasonal_peak_May-Oct,not_checked,9,no,no,,/service-areas/springfield/,P1,"best" prefix mining,,,
cheap excavation contractor eugene,autocomplete,commercial,decision,y,scheduled,mid,med,cv_tier_3,,,seasonal_peak_May-Oct,not_checked,9,no,no,,/,P2,"cheap" prefix mining; low fit for premium positioning but real search volume,,,
affordable excavation eugene oregon,autocomplete,commercial,decision,y,scheduled,mid,med,cv_tier_3,,,seasonal_peak_May-Oct,not_checked,9,no,no,,/,P2,"affordable" prefix mining,,,
licensed excavation contractor oregon,autocomplete,commercial,consideration,y,scheduled,mid,high,cv_tier_2,,,seasonal_peak_May-Oct,local_pack,10,no,no,,/,P0,Trust-modifier; maps to CCB #261742 signal,,,
bonded excavation contractor lane county,autocomplete,commercial,consideration,y,scheduled,mid,med,cv_tier_2,,,seasonal_peak_May-Oct,not_checked,10,no,no,,/,P1,Trust-modifier,,,
insured excavation contractor eugene,autocomplete,commercial,consideration,y,scheduled,mid,med,cv_tier_2,,,seasonal_peak_May-Oct,not_checked,10,no,no,,/,P1,Trust-modifier,,,
family owned excavation company eugene,autocomplete,commercial,consideration,y,scheduled,mid,med,cv_tier_3,,,seasonal_peak_May-Oct,not_checked,8,no,no,,/about/,P2,Competitor positioning term (All Dirt/Emerald use this); D&D can only use if true — confirm with David,,,
top rated excavation company lane county,autocomplete,commercial,decision,y,scheduled,mid,med,cv_tier_2,,,seasonal_peak_May-Oct,not_checked,10,no,no,,/,P1,"top rated" prefix mining,,,
excavation contractor reviews eugene oregon,autocomplete,commercial,decision,y,scheduled,mid,med,cv_tier_3,,,stable,not_checked,9,no,no,,/,P2,Review-research query; needs GBP reviews to capture,,,
excavation contractor eugene oregon bbb,autocomplete,commercial,decision,y,scheduled,mid,low,cv_tier_4,,,stable,not_checked,7,no,no,,/about/,P3,Trust-verification query,,,
free estimate excavation eugene,autocomplete,transactional,decision,y,scheduled,mid,high,cv_tier_2,,,seasonal_peak_May-Oct,not_checked,10,yes,no,,/contact/,P0,Direct conversion query; matches "Free Estimates" USP,,,
free excavation quote lane county,autocomplete,transactional,decision,y,scheduled,mid,high,cv_tier_2,,,seasonal_peak_May-Oct,not_checked,10,yes,no,,/contact/,P1,Conversion variant,,,
get a quote for land clearing eugene,autocomplete,transactional,decision,y,scheduled,long,high,cv_tier_2,,,seasonal_peak_May-Oct,not_checked,10,yes,no,,/land-clearing/,P1,Conversion variant service-specific,,,
residential excavation contractor eugene,serp,commercial,decision,y,scheduled,mid,high,cv_tier_2,,,seasonal_peak_May-Oct,local_pack,10,no,no,,/,P1,Audience modifier,,,
commercial excavation contractor eugene,serp,commercial,decision,y,scheduled,mid,high,cv_tier_2,,,seasonal_peak_May-Oct,not_checked,9,no,no,,/commercial-excavation/,P1,Audience modifier,,,
small excavation contractor eugene,autocomplete,commercial,decision,y,scheduled,mid,med,cv_tier_3,,,seasonal_peak_May-Oct,local_pack,9,no,no,,/,P2,Job-size modifier (homeowners fear "too small a job"),,,
excavation contractor for new home eugene,serp,commercial,consideration,y,scheduled,long,high,cv_tier_2,,,seasonal_peak_May-Oct,not_checked,10,no,no,,/site-preparation/,P1,Project-type modifier,,,
excavation contractor for shop building lane county,serp,commercial,consideration,y,scheduled,long,med,cv_tier_2,,,seasonal_peak_May-Oct,not_checked,9,no,no,,/site-preparation/,P2,Project-type modifier,,,
excavation contractor for adu oregon,serp,commercial,consideration,y,scheduled,long,med,cv_tier_2,,,seasonal_peak_May-Oct,not_checked,9,no,no,,/site-preparation/,P2,Project-type modifier (ADU = accessory dwelling unit; common Oregon term),,,
excavation contractor for pole barn oregon,serp,commercial,consideration,y,scheduled,long,med,cv_tier_3,,,seasonal_peak_May-Oct,not_checked,8,no,no,,/site-preparation/,P3,Project-type modifier,,,
excavation contractor for subdivision lane county,serp,commercial,consideration,y,scheduled,long,med,cv_tier_2,,,seasonal_peak_May-Oct,not_checked,8,no,no,,/commercial-excavation/,P2,Developer-facing modifier,,,
site preparation eugene or,topical_map,commercial,decision,y,scheduled,head,high,cv_tier_2,,,seasonal_peak_May-Oct,local_pack,10,no,no,,/site-preparation/,P0,Core service target (from topical map),,,
site prep cost eugene oregon,serp,commercial,consideration,y,scheduled,mid,high,cv_tier_3,,,seasonal_peak_Mar-May,paa,9,yes,yes,,/site-preparation/,P1,Cost query — real range: $10k-$50k+; speakable: answer-first cost table,,,
what is included in site preparation,serp,informational,awareness,n,browse,mid,med,cv_tier_4,,,stable,paa,9,yes,yes,,/site-preparation/,P2,Definitional/informational; speakable candidate,,,
how long does site prep take,serp,informational,consideration,n,browse,mid,med,cv_tier_4,,,stable,featured_snippet,9,yes,yes,,/site-preparation/,P1,Timeline query — real range: 1-2 months residential; speakable; HowTo schema,,,
how to prepare land for construction,topical_map,informational,awareness,n,browse,mid,low,cv_tier_4,,,stable,not_checked,8,yes,no,,/resources/preparing-land-for-construction/,P2,Informational/hiring-adjacent,,,
land grading eugene or,topical_map,commercial,decision,y,scheduled,head,high,cv_tier_2,,,seasonal_peak_May-Oct,local_pack,10,no,no,,/grading-leveling/,P0,Core service target,,,
grading contractor lane county oregon,serp,commercial,decision,y,scheduled,mid,high,cv_tier_2,,,seasonal_peak_May-Oct,local_pack,10,no,no,,/grading-leveling/,P1,Verified competitor set: Heavy D; A&D; Eagle Ridge; Tectonic,,,
land leveling contractor eugene oregon,serp,commercial,decision,y,scheduled,mid,med,cv_tier_2,,,seasonal_peak_May-Oct,not_checked,9,no,no,,/grading-leveling/,P2,Synonym variant,,,
yard regrading contractor eugene,serp,commercial,decision,y,scheduled,mid,med,cv_tier_2,,,seasonal_peak_May-Oct,not_checked,9,no,no,,/grading-leveling/,P2,Homeowner-language variant,,,
uneven yard grading eugene,serp,problem_solution,consideration,y,scheduled,long,med,cv_tier_3,,,seasonal_peak_Apr-Jun,not_checked,8,yes,no,,/grading-leveling/,P2,Problem-framed,,,
driveway grading cost eugene,serp,commercial,consideration,y,scheduled,mid,med,cv_tier_3,,,seasonal_peak_Apr-Jun,not_checked,9,yes,yes,,/driveway-repair/,P1,Cost query — real range: $868-$999 (Lane County avg per Homeyou data); speakable,,,
land clearing eugene or,topical_map,commercial,decision,y,scheduled,head,high,cv_tier_2,,,seasonal_peak_May-Oct,local_pack,10,no,no,,/land-clearing/,P0,Core service target,,,
land clearing lane county,serp,commercial,decision,y,scheduled,mid,high,cv_tier_2,,,seasonal_peak_May-Oct,local_pack,10,no,no,,/land-clearing/,P0,County-wide variant,,,
land clearing cost per acre oregon,serp,commercial,consideration,y,scheduled,mid,high,cv_tier_3,,,seasonal_peak_May-Oct,featured_snippet,9,yes,yes,,/land-clearing/,P0,Cost query — real range: $1k-$10k+ light; $6k-$40k+ heavy; speakable,,,
brush clearing eugene or,topical_map,commercial,decision,y,scheduled,mid,high,cv_tier_2,,,seasonal_peak_May-Oct,not_checked,10,no,no,,/land-clearing/,P1,Sub-service at launch per topical map,,,
overgrown lot clearing eugene oregon,serp,problem_solution,consideration,y,scheduled,long,med,cv_tier_3,,,seasonal_peak_May-Oct,not_checked,9,no,no,,/land-clearing/,P2,Problem-framed,,,
vegetation removal eugene oregon,serp,commercial,consideration,y,scheduled,mid,med,cv_tier_3,,,seasonal_peak_May-Oct,not_checked,8,no,no,,/land-clearing/,P2,Synonym,,,
clearing land for pasture oregon,serp,commercial,consideration,y,scheduled,long,low,cv_tier_4,,,stable,not_checked,7,no,no,,/land-clearing/,P3,Rural/ag angle,,,
clearing land for a pond oregon,serp,commercial,consideration,y,scheduled,long,low,cv_tier_4,,,stable,not_checked,7,no,no,,/land-clearing/,P3,Rural/ag angle,,,
brush hogging eugene oregon,serp,commercial,consideration,y,scheduled,mid,low,cv_tier_4,,,stable,not_checked,5,no,no,,/land-clearing/,P3,Adjacent term; verify D&D scope before use (implies mowing equipment not clearing),,,
forestry mulching eugene oregon,serp,commercial,consideration,y,scheduled,mid,med,cv_tier_3,,,seasonal_peak_May-Oct,not_checked,3,no,no,,n/a,P3,FENCED OUT — competitors offer this; D&D does not per topical map. Do not target.,,,
stump removal eugene oregon,serp,commercial,consideration,y,scheduled,mid,med,cv_tier_3,,,stable,not_checked,3,no,no,,n/a,P3,FENCED OUT — not a verified D&D service,,,
tree removal eugene oregon,serp,commercial,consideration,y,scheduled,mid,med,cv_tier_3,,,stable,not_checked,3,no,no,,n/a,P3,FENCED OUT — not a verified D&D service,,,
foundation excavation eugene or,topical_map,commercial,decision,y,scheduled,mid,high,cv_tier_2,,,seasonal_peak_May-Oct,local_pack,10,no,no,,/foundation-excavation/,P0,Core service target,,,
foundation excavation cost oregon,serp,commercial,consideration,y,scheduled,mid,high,cv_tier_3,,,seasonal_peak_May-Oct,paa,9,yes,yes,,/foundation-excavation/,P1,Cost query — real range: $3k900-$6k800 basement dig-out ~2.5 days; speakable,,,
excavation contractor for new build eugene,serp,commercial,decision,y,scheduled,mid,high,cv_tier_2,,,seasonal_peak_May-Oct,not_checked,9,no,no,,/foundation-excavation/,P2,Builder-facing variant,,,
basement dig out cost eugene oregon,serp,commercial,consideration,y,scheduled,mid,med,cv_tier_3,,,seasonal_peak_May-Oct,not_checked,9,yes,yes,,/foundation-excavation/,P2,Cost query specific project type; speakable,,,
drainage excavation eugene or,topical_map,problem_solution,decision,y,scheduled,mid,high,cv_tier_2,,,seasonal_peak_Oct-Feb,local_pack,10,no,no,,/drainage-excavation/,P1,Core service target; seasonal peak in rainy months,,,
my yard floods every winter eugene oregon,serp,problem_solution,consideration,y,scheduled,long,med,cv_tier_3,,,seasonal_peak_Oct-Feb,not_checked,9,yes,yes,,/drainage-excavation/,P2,Homeowner pain-point; ties to Eugene Nov-Jan rainfall peak; speakable,,,
fix standing water in yard oregon,topical_map,problem_solution,consideration,y,scheduled,mid,med,cv_tier_3,,,seasonal_peak_Oct-Feb,featured_snippet,9,yes,yes,,/resources/fix-standing-water-yard/,P2,Informational/problem-solution; speakable,,,
drainage contractor eugene oregon,serp,commercial,decision,y,scheduled,mid,high,cv_tier_2,,,seasonal_peak_Oct-Feb,local_pack,10,no,no,,/drainage-excavation/,P1,Direct variant,,,
yard drainage solutions eugene oregon,serp,problem_solution,consideration,y,scheduled,mid,med,cv_tier_3,,,seasonal_peak_Oct-Feb,not_checked,9,no,no,,/drainage-excavation/,P2,Variant,,,
french drain installation eugene oregon,serp,commercial,consideration,y,scheduled,mid,med,cv_tier_3,,,seasonal_peak_Oct-Feb,not_checked,7,no,no,,n/a,P3,SCOPE-CAUTION — verify D&D scope before using; topical map frames drainage as grading not French-drain product,,,
utility excavation eugene or,topical_map,commercial,decision,y,scheduled,mid,high,cv_tier_2,,,seasonal_peak_May-Oct,local_pack,10,no,no,,/utility-excavation/,P1,Core service target,,,
utility trenching contractor eugene oregon,serp,commercial,decision,y,scheduled,mid,high,cv_tier_2,,,seasonal_peak_May-Oct,local_pack,10,no,no,,/utility-excavation/,P1,Verified competitors: Braun; McKenzie; Professional Underground Services,,,
trenching and backfill contractor eugene,topical_map,commercial,decision,y,scheduled,mid,med,cv_tier_2,,,seasonal_peak_May-Oct,not_checked,10,no,no,,/utility-excavation/,P2,Sub-service at launch,,,
water line trenching cost oregon,serp,commercial,consideration,y,scheduled,mid,med,cv_tier_3,,,seasonal_peak_May-Oct,not_checked,9,yes,yes,,/utility-excavation/,P2,Cost query; speakable,,,
sewer line excavation cost oregon,serp,commercial,consideration,y,scheduled,mid,med,cv_tier_3,,,seasonal_peak_May-Oct,not_checked,9,yes,yes,,/utility-excavation/,P2,Cost query; speakable,,,
electrical conduit trenching cost oregon,serp,commercial,consideration,y,scheduled,long,low,cv_tier_4,,,stable,not_checked,8,no,no,,/utility-excavation/,P3,Cost query niche,,,
how deep does a utility trench need to be,serp,informational,consideration,n,browse,mid,low,cv_tier_4,,,stable,not_checked,7,yes,yes,,/utility-excavation/,P3,Informational/code-adjacent — ties to OSHA 4ft/5ft thresholds; speakable,,,
septic installation eugene or,topical_map,commercial,decision,y,scheduled,head,high,cv_tier_2,,,seasonal_peak_May-Sep,local_pack|paa,10,no,no,,/septic/,P0,Core service target — DEQ differentiator; local pack dominated by Royal Flush (93 reviews),,,
septic system installation cost eugene oregon,serp,commercial,consideration,y,scheduled,mid,high,cv_tier_2,,,seasonal_peak_May-Sep,paa,9,yes,yes,,/septic/,P0,"Cost query — real ranges: $4k173-$5k963 avg per 350-project dataset; ProMatcher shows $8k302 for full 3BR; speakable",,,
septic repair eugene oregon,topical_map,commercial,decision,y,scheduled,mid,high,cv_tier_2,,,stable,local_pack,10,no,no,,/septic/,P0,Core service target,,,
septic repair vs replace oregon,serp,commercial,consideration,y,scheduled,mid,high,cv_tier_3,,,stable,paa,9,yes,yes,,/septic/,P1,Decision-stage query — direct FAQ candidate; speakable,,,
signs you need a new septic system,serp,informational,consideration,n,browse,mid,med,cv_tier_4,,,stable,featured_snippet,8,yes,yes,,/septic/,P1,Failure-mode query — direct FAQ candidate; speakable,,,
what does deq certified mean,serp,informational,consideration,n,browse,mid,med,cv_tier_4,,,stable,featured_snippet,9,yes,yes,,/septic/,P0,Directly explains D&D's key differentiator; speakable definition format,,,
deq certified septic installer oregon,serp,commercial,consideration,y,scheduled,mid,high,cv_tier_2,,,stable,local_pack,10,no,no,,/septic/,P0,Certification-modifier,,,
deq licensed septic contractor lane county,serp,commercial,decision,y,scheduled,mid,high,cv_tier_2,,,stable,not_checked,10,no,no,,/septic/,P1,Certification-modifier county-scoped,,,
drainfield excavation cost oregon,serp,commercial,consideration,y,scheduled,mid,med,cv_tier_3,,,seasonal_peak_May-Sep,not_checked,9,yes,yes,,/septic/,P2,Cost query sub-service; speakable,,,
septic tank excavation cost oregon,serp,commercial,consideration,y,scheduled,mid,med,cv_tier_3,,,seasonal_peak_May-Sep,not_checked,9,yes,yes,,/septic/,P2,Cost query sub-service; speakable,,,
new septic system cost lane county,serp,commercial,consideration,y,scheduled,mid,high,cv_tier_2,,,seasonal_peak_May-Sep,not_checked,10,yes,yes,,/septic/,P1,Cost query county-scoped; speakable,,,
oregon septic permit cost,serp,informational,consideration,y,scheduled,mid,med,cv_tier_4,,,stable,not_checked,8,yes,no,,/septic/,P2,Permit/cost crossover,,,
oregon septic system rules,topical_map,informational,awareness,y,browse,mid,med,cv_tier_4,,,stable,not_checked,8,yes,yes,,/resources/oregon-septic-basics/,P2,Informational/authority — OAR 340-071; speakable,,,
septic pumping eugene oregon,serp,commercial,consideration,y,scheduled,mid,med,cv_tier_3,,,stable,local_pack,3,no,no,,n/a,P3,FENCED OUT — All Dirt/Royal Flush offer pumping; D&D's DEQ cert covers install/repair only,,,
septic inspection eugene oregon,serp,commercial,consideration,y,scheduled,mid,med,cv_tier_3,,,stable,not_checked,3,no,no,,n/a,P3,FENCED OUT — inspection not a claimed D&D service,,,
driveway repair eugene or,topical_map,problem_solution,decision,y,scheduled,mid,high,cv_tier_2,,,seasonal_peak_Sep-Nov,local_pack,9,no,no,,/driveway-repair/,P1,Core support-service target; KD 13 (confirmed DFS),,,13
gravel driveway repair eugene or,topical_map,problem_solution,decision,y,scheduled,mid,high,cv_tier_2,,,seasonal_peak_Sep-Nov,not_checked,10,no,no,,/driveway-repair/,P1,Primary keyword per topical map,,,
gravel driveway regrading eugene oregon,serp,problem_solution,decision,y,scheduled,mid,med,cv_tier_3,,,seasonal_peak_Sep-Nov,not_checked,9,no,no,,/driveway-repair/,P2,Variant,,,
driveway keeps washing out gravel eugene,serp,problem_solution,consideration,y,scheduled,long,med,cv_tier_3,,,seasonal_peak_Sep-Dec,not_checked,9,yes,no,,/driveway-repair/,P2,Homeowner pain-point phrasing (rainy-season erosion),,,
pothole driveway repair cost eugene oregon,serp,commercial,consideration,y,scheduled,mid,low,cv_tier_4,,,seasonal_peak_Sep-Nov,not_checked,8,yes,no,,/driveway-repair/,P3,Cost query narrow,,,
driveway paving cost eugene oregon,serp,commercial,consideration,y,scheduled,mid,med,cv_tier_3,,,seasonal_peak_May-Oct,not_checked,3,no,no,,n/a,P3,SCOPE-CAUTION — asphalt paving fenced out per topical map; cite for comparison context only,,,
slope stabilization oregon,topical_map,problem_solution,decision,y,scheduled,mid,med,cv_tier_2,,,seasonal_peak_Oct-Feb,not_checked,9,no,no,,/slope-stabilization/,P2,Support-service target,,,
hillside erosion control oregon,serp,problem_solution,consideration,y,scheduled,mid,med,cv_tier_3,,,seasonal_peak_Oct-Feb,not_checked,8,no,no,,/slope-stabilization/,P2,Variant,,,
sloped lot grading eugene oregon,serp,commercial,consideration,y,scheduled,mid,med,cv_tier_3,,,seasonal_peak_May-Oct,not_checked,9,no,no,,/slope-stabilization/,P3,Variant,,,
excavation contractor eugene oregon phone number,autocomplete,navigational,decision,y,scheduled,long,high,cv_tier_1,,,stable,not_checked,9,no,no,,/contact/,P1,High-intent navigational tail query,,,
call excavation contractor eugene,autocomplete,transactional,decision,y,scheduled,mid,high,cv_tier_2,,,seasonal_peak_May-Oct,not_checked,10,yes,no,,/contact/,P1,Conversion-intent,,,
excavation contractor eugene oregon hours,autocomplete,navigational,decision,y,scheduled,long,med,cv_tier_3,,,stable,not_checked,7,no,no,,/contact/,P3,Navigational tail — business hours not yet confirmed,,,
excavation company near me open now,autocomplete,transactional,decision,n,scheduled,mid,med,cv_tier_2,,,stable,local_pack,9,yes,no,,/contact/,P3,Navigational/urgency-adjacent,,,
excavation contractor available this week,autocomplete,transactional,decision,n,scheduled,mid,med,cv_tier_2,,,seasonal_peak_May-Oct,not_checked,8,yes,no,,/contact/,P3,Scheduling-intent,,,
service areas lane county excavation,topical_map,navigational,consideration,y,browse,mid,med,cv_tier_3,,,stable,not_checked,9,no,no,,/service-areas/,P1,Hub-page target,,,
excavation contractor lane county cities served,serp,navigational,consideration,y,browse,long,low,cv_tier_4,,,stable,not_checked,8,no,no,,/service-areas/,P2,Hub-page target,,,
excavation contractor springfield or,topical_map,commercial,decision,y,scheduled,head,high,cv_tier_2,,,seasonal_peak_May-Oct,local_pack,10,no,no,,/service-areas/springfield/,P1,City target (Tier 1),,,
land clearing springfield oregon,serp,commercial,decision,y,scheduled,mid,high,cv_tier_2,,,seasonal_peak_May-Oct,not_checked,10,no,no,,/service-areas/springfield/land-clearing/,P2,City x service,,,
septic installation springfield oregon,serp,commercial,decision,y,scheduled,mid,high,cv_tier_2,,,seasonal_peak_May-Sep,not_checked,10,no,no,,/service-areas/springfield/septic/,P2,City x service,,,
excavation contractor cottage grove or,topical_map,commercial,decision,y,scheduled,mid,med,cv_tier_2,,,seasonal_peak_May-Oct,not_checked,9,no,no,,/service-areas/cottage-grove/,P2,City target (Tier 2),,,
excavation contractor junction city or,topical_map,commercial,decision,y,scheduled,mid,med,cv_tier_2,,,seasonal_peak_May-Oct,not_checked,9,no,no,,/service-areas/junction-city/,P2,City target (Tier 2) — rural/ag land-clearing angle,,,
excavation contractor creswell or,topical_map,commercial,decision,y,scheduled,mid,med,cv_tier_2,,,seasonal_peak_May-Oct,not_checked,9,no,no,,/service-areas/creswell/,P2,City target (Tier 2) — rural septic angle,,,
excavation contractor veneta or,topical_map,commercial,decision,y,scheduled,mid,med,cv_tier_2,,,seasonal_peak_May-Oct,not_checked,9,no,no,,/service-areas/veneta/,P2,City target (Tier 2) — All Dirt based here; verify competitive intensity,,,
excavation contractor florence or,topical_map,commercial,decision,y,scheduled,mid,low,cv_tier_3,,,seasonal_peak_May-Oct,not_checked,8,no,no,,/service-areas/florence/,P3,City target (Tier 3) — coverage confirmed 2026-09-05,,,
excavation contractor oakridge or,topical_map,commercial,decision,y,scheduled,mid,low,cv_tier_3,,,seasonal_peak_May-Oct,not_checked,8,no,no,,/service-areas/oakridge/,P3,City target (Tier 3) — mountain community; driveway/access angle,,,
excavation contractor coburg or,topical_map,commercial,decision,y,scheduled,mid,low,cv_tier_3,,,seasonal_peak_May-Oct,not_checked,8,no,no,,/service-areas/coburg/,P3,City target (Tier 3),,,
excavation contractor lowell or,topical_map,commercial,decision,y,scheduled,mid,low,cv_tier_3,,,seasonal_peak_May-Oct,not_checked,8,no,no,,/service-areas/lowell/,P3,City target (Tier 3) — small/rural,,,
excavation contractor near creswell oregon,serp,commercial,decision,y,scheduled,long,med,cv_tier_2,,,seasonal_peak_May-Oct,not_checked,9,no,no,,/service-areas/creswell/,P3,Long-tail near-me + city hybrid,,,
excavation contractor willamette valley,serp,commercial,consideration,y,scheduled,mid,med,cv_tier_3,,,seasonal_peak_May-Oct,not_checked,9,no,no,,/,P2,Regional variant broader than county,,,
dirt work contractor eugene oregon,serp,commercial,decision,y,scheduled,mid,med,cv_tier_2,,,seasonal_peak_May-Oct,local_pack,10,no,no,,/,P1,Colloquial synonym for excavation; Eugene Dirt Works (eugenedirtworks.com) now targeting this SERP,,,
dirt work willamette valley,serp,commercial,consideration,y,scheduled,mid,low,cv_tier_3,,,seasonal_peak_May-Oct,not_checked,8,no,no,,/,P2,Colloquial + regional,,,
general excavating eugene oregon,serp,commercial,decision,y,scheduled,mid,med,cv_tier_2,,,seasonal_peak_May-Oct,not_checked,9,no,no,,/,P2,Colloquial variant,,,
excavation and grading eugene oregon,topical_map,commercial,decision,y,scheduled,mid,high,cv_tier_2,,,seasonal_peak_May-Oct,local_pack,10,no,no,,/excavation/,P1,Core service target,,,
land development contractor lane county,serp,commercial,consideration,y,scheduled,mid,med,cv_tier_2,,,seasonal_peak_May-Oct,not_checked,8,no,no,,/commercial-excavation/,P2,Developer-facing,,,
site development contractor eugene oregon,serp,commercial,consideration,y,scheduled,mid,med,cv_tier_2,,,seasonal_peak_May-Oct,not_checked,8,no,no,,/commercial-excavation/,P2,Developer-facing,,,
commercial site development eugene oregon,serp,commercial,consideration,y,scheduled,mid,med,cv_tier_2,,,seasonal_peak_May-Oct,not_checked,8,no,no,,/commercial-excavation/,P2,Developer-facing,,,
developer excavation contractor eugene,serp,commercial,consideration,y,scheduled,long,med,cv_tier_2,,,seasonal_peak_May-Oct,not_checked,8,no,no,,/commercial-excavation/,P3,Developer-facing,,,
excavation subcontractor eugene oregon,serp,commercial,consideration,y,scheduled,mid,med,cv_tier_2,,,seasonal_peak_May-Oct,not_checked,8,no,no,,/commercial-excavation/,P2,GC-facing (subcontract relationship),,,
general contractor referral excavation eugene,serp,commercial,consideration,y,scheduled,long,low,cv_tier_3,,,stable,not_checked,6,no,no,,/commercial-excavation/,P3,GC-facing referral query,,,
excavator rental eugene oregon,serp,commercial,consideration,y,scheduled,mid,low,cv_tier_3,,,seasonal_peak_May-Oct,not_checked,4,no,no,,n/a,P3,ADJACENT — dry/bare rental intent; not a D&D service (D&D sells labor+equipment not rental),,,
mini excavator eugene oregon,serp,informational,awareness,y,browse,mid,low,cv_tier_4,,,stable,not_checked,3,no,no,,n/a,P3,Equipment entity not a direct conversion query,,,
skid steer service eugene oregon,serp,commercial,consideration,y,scheduled,mid,low,cv_tier_4,,,stable,not_checked,4,no,no,,n/a,P3,Equipment-entity adjacent query,,,
bulldozer land clearing eugene,serp,commercial,consideration,y,scheduled,mid,low,cv_tier_3,,,seasonal_peak_May-Oct,not_checked,5,no,no,,/land-clearing/,P3,Equipment-entity adjacent query,,,
dump truck hauling eugene oregon,serp,commercial,consideration,y,scheduled,mid,low,cv_tier_3,,,stable,not_checked,3,no,no,,n/a,P3,FENCED OUT — hauling not a verified D&D service,,,
how to choose an excavation contractor,serp,informational,consideration,n,browse,mid,med,cv_tier_4,,,stable,featured_snippet,8,yes,yes,,/resources/choosing-an-excavation-contractor/,P1,High-value hiring-decision content; PAA-style; drives trust; speakable,,,
questions to ask an excavation contractor,serp,informational,consideration,n,browse,mid,med,cv_tier_4,,,stable,paa,8,yes,yes,,/resources/choosing-an-excavation-contractor/,P1,Hiring-decision content; speakable,,,
red flags excavation contractor,serp,informational,consideration,n,browse,mid,med,cv_tier_4,,,stable,not_checked,8,yes,no,,/resources/choosing-an-excavation-contractor/,P2,Objection/trust-killer content,,,
what to ask before hiring an excavating contractor,serp,informational,consideration,n,browse,long,med,cv_tier_4,,,stable,not_checked,8,yes,yes,,/resources/choosing-an-excavation-contractor/,P2,Hiring-decision content; speakable,,,
what should i know before hiring an excavation contractor,quora,informational,consideration,n,browse,long,med,cv_tier_4,,,stable,paa,8,yes,yes,,/resources/choosing-an-excavation-contractor/,P1,Direct Quora question title; speakable,,,
difference between excavation contractor and general contractor,quora,informational,awareness,n,browse,long,low,cv_tier_4,,,stable,not_checked,6,yes,no,,/about/,P3,Definitional/educational,,,
excavation contractor insurance requirements oregon,serp,informational,consideration,y,browse,mid,med,cv_tier_4,,,stable,not_checked,8,yes,no,,/about/,P2,Trust/verification query,,,
general liability insurance excavation contractor,serp,informational,consideration,n,browse,mid,low,cv_tier_4,,,stable,not_checked,6,yes,no,,/about/,P3,Trust/verification query,,,
what does bonded mean contractor,serp,informational,awareness,n,browse,mid,low,cv_tier_4,,,stable,featured_snippet,7,yes,yes,,/about/,P3,Definitional — supports "Licensed and Bonded" USP; speakable,,,
how to verify a contractor license in oregon,serp,informational,consideration,y,browse,mid,med,cv_tier_4,,,stable,featured_snippet,9,yes,yes,,/about/,P2,Ties to CCB lookup — trust-building content; speakable,,,
oregon ccb license lookup,serp,navigational,consideration,y,browse,mid,med,cv_tier_4,,,stable,not_checked,8,no,no,,/about/,P2,Authority tool reference,,,
is contractor licensed in oregon,serp,informational,consideration,y,browse,long,low,cv_tier_4,,,stable,not_checked,7,yes,no,,/about/,P3,Generic verification pattern query,,,
excavation contractor license number lane county,serp,informational,consideration,y,browse,mid,low,cv_tier_4,,,stable,not_checked,8,no,no,,/about/,P3,Trust-verification,,,
best time to excavate in oregon,serp,informational,awareness,y,browse,mid,med,cv_tier_4,,,seasonal_peak_Mar-Apr,featured_snippet,9,yes,yes,,/,P2,Seasonal/scheduling — real finding: May-Oct dry window preferred; speakable,,,
can you excavate in the rain oregon,serp,informational,consideration,y,browse,mid,med,cv_tier_4,,,seasonal_peak_Oct-Feb,not_checked,9,yes,yes,,/,P2,Oregon-specific objection-adjacent; speakable,,,
can you excavate in winter oregon,serp,informational,consideration,y,browse,mid,med,cv_tier_4,,,seasonal_peak_Oct-Feb,not_checked,9,yes,yes,,/,P2,Seasonal query; speakable,,,
spring excavation projects oregon,serp,informational,awareness,y,browse,mid,low,cv_tier_4,,,seasonal_peak_Mar-Apr,not_checked,8,no,no,,/,P3,Seasonal,,,
fall land clearing oregon,serp,informational,awareness,y,browse,mid,low,cv_tier_4,,,seasonal_peak_Sep-Nov,not_checked,8,no,no,,/land-clearing/,P3,Seasonal,,,
winter excavation oregon rain,serp,informational,consideration,y,browse,mid,med,cv_tier_4,,,seasonal_peak_Nov-Feb,not_checked,9,yes,yes,,/,P2,Seasonal/objection-adjacent; speakable,,,
digging in clay soil oregon,serp,informational,awareness,y,browse,mid,med,cv_tier_4,,,stable,not_checked,8,yes,yes,,/,P2,Soil-specific — Willamette Valley clay entity; speakable,,,
willamette valley clay soil excavation,serp,informational,awareness,y,browse,mid,med,cv_tier_4,,,stable,not_checked,8,yes,yes,,/,P2,Soil-specific; speakable,,,
do i need a permit to grade my land in oregon,serp,informational,consideration,y,browse,long,med,cv_tier_4,,,stable,paa,9,yes,yes,,/,P1,Permit/code query — Lane County answer available; speakable,,,
do i need a permit for a driveway in lane county,serp,informational,consideration,y,browse,long,med,cv_tier_4,,,stable,not_checked,9,yes,yes,,/driveway-repair/,P2,Permit/code query — Lane County finding; speakable,,,
how much land can i clear without a permit oregon,serp,informational,consideration,y,browse,long,med,cv_tier_4,,,stable,not_checked,9,yes,yes,,/land-clearing/,P2,Permit/code query; speakable,,,
lane county excavation permit requirements,serp,informational,consideration,y,browse,mid,med,cv_tier_4,,,stable,not_checked,9,yes,yes,,/,P1,Permit/code query — direct authority-page source found; speakable,,,
lane county grading permit,serp,informational,consideration,y,browse,mid,med,cv_tier_4,,,stable,not_checked,9,yes,yes,,/,P2,Permit/code query; speakable,,,
lane county building permit guide,serp,informational,awareness,y,browse,mid,low,cv_tier_5,,,stable,not_checked,7,no,no,,/,P3,Adjacent permit-education content,,,
what is a competent person osha trench,serp,informational,awareness,n,browse,long,low,cv_tier_5,,,stable,not_checked,6,yes,yes,,/utility-excavation/,P3,Safety/authority-signal query; speakable,,,
osha trench safety requirements,serp,informational,awareness,n,browse,mid,low,cv_tier_4,,,stable,not_checked,7,yes,yes,,/utility-excavation/,P2,Safety/authority-signal query; speakable,,,
is it safe to dig a trench myself,serp,informational,awareness,n,browse,mid,low,cv_tier_4,,,stable,not_checked,6,yes,no,,n/a,P3,DIY-comparison — positions "why hire a pro" content,,,
diy excavation vs hiring a contractor,serp,informational,consideration,n,browse,mid,med,cv_tier_4,,,stable,not_checked,7,yes,no,,/,P2,DIY-comparison decision-stage,,,
can i rent an excavator and do it myself,serp,informational,consideration,n,browse,mid,med,cv_tier_4,,,stable,not_checked,5,yes,no,,/,P3,DIY-comparison,,,
excavation contractor eugene oregon vs portland,serp,informational,awareness,y,browse,long,low,cv_tier_5,,,stable,not_checked,6,no,no,,/,P3,Comparison/geo-disambiguation query,,,
excavation companies eugene oregon list,serp,commercial,consideration,y,browse,mid,low,cv_tier_3,,,stable,not_checked,7,no,no,,/,P3,Directory-style query (listicle-dominated SERP),,,
top 10 excavation contractors eugene oregon,serp,commercial,consideration,y,browse,mid,med,cv_tier_3,,,stable,not_checked,8,no,no,,/,P2,Listicle-style; SERP is listicle-heavy (Angi/Yelp/BBB/HomeAdvisor/YellowPages rank) — see research pack Flag A,,,
excavation contractor eugene oregon yelp,autocomplete,navigational,consideration,y,browse,long,low,cv_tier_4,,,stable,not_checked,5,no,no,,/,P3,Directory navigational tail,,,
excavation contractor eugene oregon angi,autocomplete,navigational,consideration,y,browse,long,low,cv_tier_4,,,stable,not_checked,5,no,no,,/,P3,Directory navigational tail,,,
excavation contractor eugene oregon google reviews,autocomplete,commercial,decision,y,browse,long,med,cv_tier_3,,,stable,not_checked,7,no,no,,/,P2,Review-research query — GBP reviews needed,,,
how many reviews does company have eugene excavation,serp,commercial,decision,y,browse,long,low,cv_tier_4,,,stable,not_checked,6,no,no,,/,P3,Review-verification pattern,,,
excavation and septic company eugene oregon,serp,commercial,decision,y,scheduled,mid,high,cv_tier_2,,,seasonal_peak_May-Oct,local_pack,10,no,no,,/,P1,Combined-service query; Emerald Excavating owns this SERP currently,,,
full service excavation company oregon,topical_map,commercial,decision,y,scheduled,mid,high,cv_tier_2,,,seasonal_peak_May-Oct,not_checked,10,no,no,,/,P0,Matches D&D's own positioning line verbatim; low current competition,,,
one stop excavation contractor lane county,serp,commercial,decision,y,scheduled,long,med,cv_tier_2,,,seasonal_peak_May-Oct,not_checked,9,no,no,,/,P2,Positioning-adjacent variant,,,
excavation contractor that does septic too eugene,serp,commercial,decision,y,scheduled,long,med,cv_tier_2,,,seasonal_peak_May-Oct,not_checked,9,yes,no,,/,P1,Cross-service bundling query — differentiation angle,,,
land clearing and grading eugene oregon,serp,commercial,decision,y,scheduled,mid,high,cv_tier_2,,,seasonal_peak_May-Oct,local_pack,10,no,no,,/,P1,Bundled-service query,,,
site prep and septic eugene oregon,serp,commercial,decision,y,scheduled,long,med,cv_tier_2,,,seasonal_peak_May-Oct,not_checked,10,no,no,,/,P2,Bundled-service query,,,
new construction excavation eugene oregon,serp,commercial,decision,y,scheduled,mid,high,cv_tier_2,,,seasonal_peak_May-Oct,local_pack,10,no,no,,/site-preparation/,P1,New-build framing,,,
rural land development lane county oregon,serp,commercial,consideration,y,scheduled,mid,med,cv_tier_2,,,seasonal_peak_May-Oct,not_checked,8,no,no,,/,P2,Rural/acreage framing (Tier 2/3 cities skew rural),,,
acreage clearing lane county oregon,serp,commercial,consideration,y,scheduled,mid,med,cv_tier_2,,,seasonal_peak_May-Oct,not_checked,9,no,no,,/land-clearing/,P2,Rural/acreage framing,,,
preparing rural land for a house lane county,serp,commercial,consideration,y,scheduled,long,med,cv_tier_2,,,seasonal_peak_May-Oct,not_checked,9,no,no,,/site-preparation/,P2,Rural/acreage framing,,,
excavation for new septic system oregon,serp,commercial,decision,y,scheduled,mid,high,cv_tier_2,,,seasonal_peak_May-Sep,local_pack,10,no,no,,/septic/,P1,Combined septic+excavation framing,,,
who do i call to clear a wooded lot eugene oregon,serp,commercial,decision,y,scheduled,long,med,cv_tier_2,,,seasonal_peak_May-Oct,not_checked,10,yes,no,,/land-clearing/,P2,Homeowner-language long-tail,,,
contractor to level my backyard eugene,serp,commercial,decision,y,scheduled,long,med,cv_tier_2,,,seasonal_peak_May-Oct,not_checked,9,yes,no,,/grading-leveling/,P2,Homeowner-language long-tail,,,
need a trench dug for water line eugene,serp,commercial,decision,y,scheduled,long,med,cv_tier_2,,,seasonal_peak_May-Oct,not_checked,10,yes,no,,/utility-excavation/,P2,Homeowner-language long-tail,,,
contractor for drainage problems in my yard eugene,serp,problem_solution,consideration,y,scheduled,long,med,cv_tier_2,,,seasonal_peak_Oct-Feb,not_checked,10,yes,no,,/drainage-excavation/,P2,Homeowner-language long-tail,,,
cost to bring in fill dirt eugene oregon,serp,commercial,consideration,y,scheduled,mid,med,cv_tier_3,,,seasonal_peak_May-Oct,not_checked,8,yes,yes,,/grading-leveling/,P2,Cost query material-specific; speakable,,,
cost to level a yard oregon,serp,commercial,consideration,y,scheduled,mid,med,cv_tier_3,,,seasonal_peak_May-Oct,not_checked,9,yes,yes,,/grading-leveling/,P2,Cost query; speakable,,,
cost to dig a trench oregon,serp,commercial,consideration,y,scheduled,mid,med,cv_tier_3,,,seasonal_peak_May-Oct,not_checked,9,yes,yes,,/utility-excavation/,P2,Cost query; speakable,,,
excavation contractor a,autocomplete_seed,navigational,awareness,n,browse,head,low,cv_tier_5,,,stable,none,4,no,no,,n/a,P3,A-Z autocomplete seed — returned generic directory results; no unique suggestion captured,,,
excavation contractor near,autocomplete_seed,commercial,decision,n,scheduled,head,high,cv_tier_2,,,stable,local_pack,9,yes,no,,/,P1,A-Z autocomplete seed — resolves to "near me",,,
excavation eugene o,autocomplete_seed,commercial,decision,y,scheduled,head,high,cv_tier_2,,,seasonal_peak_May-Oct,local_pack,9,no,no,,/,P1,Autocomplete seed — resolves to "eugene or"/"eugene oregon",,,
excavation cost e,autocomplete_seed,commercial,consideration,n,browse,head,med,cv_tier_3,,,stable,not_checked,7,no,no,,/,P2,Autocomplete seed — resolves to cost queries already captured,,,
land clearing n,autocomplete_seed,commercial,decision,n,scheduled,head,med,cv_tier_2,,,stable,local_pack,9,no,no,,/land-clearing/,P3,Autocomplete seed — resolves to "near me",,,
septic install c,autocomplete_seed,commercial,consideration,n,browse,head,high,cv_tier_3,,,stable,not_checked,9,no,no,,/septic/,P2,Autocomplete seed — resolves to "cost",,,
grading contractor s,autocomplete_seed,commercial,decision,y,scheduled,head,med,cv_tier_2,,,seasonal_peak_May-Oct,not_checked,9,no,no,,/grading-leveling/,P3,Autocomplete seed — resolves to "springfield",,,
excavation contractor eugene oregon reddit,autocomplete,commercial,consideration,y,browse,long,low,cv_tier_4,,,stable,not_checked,7,no,no,,/,P3,Reddit-cross-pollination query pattern,,,
who has used a good excavator in eugene reddit,reddit_proxy,commercial,consideration,y,browse,long,med,cv_tier_3,,,stable,not_checked,8,yes,no,,/,P2,Reddit-style recommendation-ask phrasing,,,
anyone know a reliable excavation contractor lane county,reddit_proxy,commercial,consideration,y,browse,long,med,cv_tier_3,,,stable,not_checked,9,yes,no,,/,P2,Reddit/Nextdoor-style phrasing,,,
excavation contractor youtube eugene oregon,serp,informational,awareness,y,browse,long,low,cv_tier_5,,,stable,video_carousel,5,no,no,,/,P3,Video-intent query; visual/how-it's-done content opportunity,,,
watch excavator clear land video,serp,informational,awareness,n,browse,mid,low,cv_tier_5,,,stable,video_carousel,5,no,no,,n/a,P3,Visual/process-interest query top-of-funnel only,,,
before and after land clearing photos oregon,serp,informational,awareness,y,browse,mid,med,cv_tier_4,,,seasonal_peak_May-Oct,image_pack,8,no,no,,/land-clearing/,P2,Visual-intent; photo-gallery opportunity,,,
excavation project photos eugene oregon,serp,informational,awareness,y,browse,mid,low,cv_tier_4,,,stable,image_pack,7,no,no,,/,P3,Visual-intent,,,
excavation contractor portfolio lane county,serp,commercial,consideration,y,browse,mid,low,cv_tier_4,,,stable,not_checked,8,no,no,,/,P3,Portfolio/proof-of-work query,,,
excavation contractor eugene oregon instagram,autocomplete,navigational,awareness,y,browse,long,low,cv_tier_4,,,stable,not_checked,4,no,no,,/,P3,Social-navigational — no D&D presence found gap,,,
excavation contractor eugene oregon facebook,autocomplete,navigational,awareness,y,browse,long,low,cv_tier_4,,,stable,not_checked,4,no,no,,/,P3,Social-navigational — no D&D presence found gap,,,
david deggelman excavation eugene,search_suggestion,navigational,decision,y,browse,long,med,cv_tier_1,,,stable,none,9,no,no,,/about/,P1,Owner-name + brand query; supports E-E-A-T once site exists,,,
small excavation contractor eugene or,serp_related,commercial,decision,y,scheduled,mid,med,cv_tier_2,,,seasonal_peak_May-Oct,local_pack,9,no,no,,/,P1,NEW from live SERP related searches 2026-09-21; homeowner concern about small-job fit,,,
residential excavation contractor eugene or,serp_related,commercial,decision,y,scheduled,mid,high,cv_tier_2,,,seasonal_peak_May-Oct,local_pack,10,no,no,,/,P1,NEW from live SERP related searches 2026-09-21,,,
excavation contractor eugene or reviews,serp_related,commercial,decision,y,browse,mid,med,cv_tier_3,,,stable,not_checked,9,no,no,,/,P1,NEW from live SERP related searches 2026-09-21; needs GBP reviews to capture,,,
land clearing contractor lane county or,serp_related,commercial,decision,y,scheduled,mid,high,cv_tier_2,,,seasonal_peak_May-Oct,local_pack,10,no,no,,/land-clearing/,P0,NEW from live SERP 2026-09-21; local pack = Limitless Excavation/Northwoods Land Mgmt/A&D Excavation,,,
land clearing contractor lane county oregon reviews,serp_related,commercial,decision,y,browse,mid,med,cv_tier_3,,,stable,not_checked,9,no,no,,/land-clearing/,P2,NEW from live SERP related searches 2026-09-21,,,
best land clearing contractor lane county oregon,serp_related,commercial,decision,y,scheduled,mid,high,cv_tier_2,,,seasonal_peak_May-Oct,not_checked,10,no,no,,/land-clearing/,P1,NEW from live SERP related searches 2026-09-21,,,
cost of land clearing lane county oregon,serp_competitor_blog,commercial,consideration,y,scheduled,mid,high,cv_tier_3,,,seasonal_peak_May-Oct,featured_snippet,9,yes,yes,,/land-clearing/,P1,NEW from Cojo Excavation blog (cojoasphalt.com) ranking July 2026 with a cost table — close this gap fast; speakable,,,
land clearing cost per hour lane county oregon,serp_competitor_blog,commercial,consideration,y,scheduled,mid,med,cv_tier_3,,,seasonal_peak_May-Oct,featured_snippet,9,yes,yes,,/land-clearing/,P1,NEW from Cojo blog: $150-$350+/hr for excavator+operator in Lane County; speakable,,,
septic installation eugene oregon cost,serp_related,commercial,consideration,y,scheduled,mid,high,cv_tier_2,,,seasonal_peak_May-Sep,paa,10,yes,yes,,/septic/,P0,NEW from live SERP related searches 2026-09-21; ProMatcher ranks with $8k302 (3BR); speakable,,,
septic installation eugene oregon prices,serp_related,commercial,consideration,y,scheduled,mid,high,cv_tier_2,,,seasonal_peak_May-Sep,paa,10,yes,yes,,/septic/,P0,NEW from live SERP related searches 2026-09-21,,,
residential septic installation eugene oregon,serp_related,commercial,decision,y,scheduled,mid,high,cv_tier_2,,,seasonal_peak_May-Sep,local_pack,10,no,no,,/septic/,P1,NEW from live SERP related searches 2026-09-21,,,
how much does it cost to install a septic system in oregon,paa,informational,consideration,y,browse,long,high,cv_tier_2,,,seasonal_peak_May-Sep,paa|ai_overview,9,yes,yes,,/septic/,P0,NEW from live PAA 2026-09-21; AI Overview fires (asynchronous); speakable — answer this directly on /septic/,,,
can a homeowner install their own septic system in oregon,paa,informational,consideration,y,browse,long,med,cv_tier_3,,,stable,paa|ai_overview,10,yes,yes,,/septic/,P0,NEW from live PAA 2026-09-21; Oregon DEQ requires licensed installer — D&D's DEQ cert is the direct answer; speakable,,,
what are the minimum size requirements for a septic tank in oregon,paa,informational,consideration,y,browse,long,low,cv_tier_4,,,stable,paa|ai_overview,8,yes,yes,,/septic/,P1,NEW from live PAA 2026-09-21; AI Overview fires; speakable,,,
can i install my own septic drain field,paa,informational,consideration,n,browse,long,low,cv_tier_4,,,stable,paa|ai_overview,7,yes,yes,,/septic/,P1,NEW from live PAA 2026-09-21; Oregon says no without DEQ cert — D&D's differentiator; speakable,,,
what is the average lifespan of a septic tank,paa,informational,awareness,n,browse,long,low,cv_tier_4,,,stable,paa|ai_overview,7,yes,yes,,/septic/,P2,NEW from live PAA 2026-09-21; top-of-funnel educational; speakable,,,
what to do if you can t afford a new septic system,paa,informational,awareness,n,browse,long,low,cv_tier_4,,,stable,paa|ai_overview,6,yes,no,,/septic/,P2,NEW from live PAA 2026-09-21; handle in FAQ with a transparent honest answer,,,
excavation contractor lane county or reviews,serp_related,commercial,decision,y,browse,mid,med,cv_tier_3,,,stable,not_checked,9,no,no,,/,P2,NEW from SERP research 2026-09-21,,,
deq certified excavation contractor oregon,serp,commercial,consideration,y,scheduled,mid,high,cv_tier_2,,,stable,local_pack,10,no,no,,/septic/,P1,NEW — trust-modifier combining D&D's two strongest credentials,,,
site prep contractor lane county oregon,serp,commercial,decision,y,scheduled,mid,high,cv_tier_2,,,seasonal_peak_May-Oct,local_pack,10,no,no,,/site-preparation/,P1,NEW — county-scoped variant of site prep head term,,,
